DeviceName,Ip
elmo,10.60.156.2
elmo,10.60.156.2
elmo,10.60.156.-2
elmo,10.60.156.2
elmo,10.60.156.2
elmo,10.60.156.2
elmo,10.60.156.2
elmo,10.60.156.-2
elmo,10.60.156.2
elmo,10.60.156.2
elmo,10.60.156.2
elmo,10.60.156.2
elmo,10.60.156.-2
elmo,10.60.156.2
elmo,10.60.156.2
elmo,10.60.156.2
elmo,10.60.156.2
elmo,10.60.156.2
elmo,10.60.156.2
elmo,10.60.156.-2
elmo,10.60.156.2
elmo,10.60.156.2
elmo,10.60.156.2
elmo,10.60.156.2
elmo,10.60.156.-2
elmo,10.60.156.2
elmo,10.60.156.2
elmo,10.60.156.2
elmo,10.60.156.2
elmo,10.60.156.-2
elmo,10.60.156.2
elmo,10.60.156.2
elmo,10.60.156.2
elmo,10.60.156.2
elmo,10.60.156.2
elmo,10.60.156.2
elmo,10.60.156.-2
elmo,10.60.156.2
elmo,10.60.156.2
elmo,10.60.156.2
elmo,10.60.156.2
elmo,10.60.156.-2
elmo,10.60.156.2
elmo,10.60.156.2
elmo,10.60.156.2
elmo,10.60.156.2
elmo,10.60.156.-2
elmo,10.60.156.2
elmo,10.60.156.2
elmo,10.60.156.2
,